creation_utc,host_key,name,value,path,expires_utc,is_secure,is_httponly,last_access_utc,has_expires,is_persistent,priority,encrypted_value,samesite,source_scheme
13261984740239043,.venmo.com,_ga,GA1.2.71684842.1617511140,/,13325056740000000,0,0,13261984804688877,1,1,1,b'',-1,2
13261984740240475,.venmo.com,_gid,GA1.2.1494947718.1617511140,/,13262071140000000,0,0,13261984804688877,1,1,1,b'',-1,2
13261984804694955,.venmo.com,_gat_gtag_UA_15492939_14,1,/,13261984864000000,0,0,13261984804694955,1,1,1,b'',-1,2
13261984804707453,.venmo.com,_gat_gtag_UA_15492939_15,1,/,13261984864000000,0,0,13261984804707453,1,1,1,b'',-1,2
13261984804684953,venmo.com,tcs,venmo%3Astatic-site%7Creact-collapsed-toggle-14,/,0,1,0,13261984804686670,0,0,1,b'',0,2
