_id,corpus,numSnapsViewed,totalWatchTimeSeconds,totalImpressionTimeSeconds
1,18,0,0.0,35.086
2,16,43,218.04299999999998,147.63899999999995
58,19,0,0.0,13.207
